{
  "config": {
    "num_prompts": 200,
    "model": "/data/zwt/model/models/Qwen/Qwen3-8B",
    "block_tokens": 16,
    "slot_bytes": 2359296,
    "max_input_tokens": 1792,
    "total_blocks": 3867,
    "total_bytes": 9123397632
  },
  "summary": {
    "prompt_tokens_total": 60595,
    "daser": {
      "cold_elapsed_s": 27.63804275399889,
      "warm_elapsed_s": 13.578796690009767,
      "cold_tok_per_s": 2192.449029019345,
      "warm_tok_per_s": 4462.4719983164,
      "warm_cold_speedup": 2.035382323260855,
      "correctness": {
        "mismatches": 2,
        "total": 200
      }
    },
    "lmcache": {
      "cold_elapsed_s": 5.721968610014301,
      "warm_elapsed_s": 2.372484359977534,
      "cold_tok_per_s": 10589.886825654668,
      "warm_tok_per_s": 25540.73738997116,
      "warm_cold_speedup": 2.4118045650966837,
      "correctness": {
        "mismatches": 2,
        "total": 200
      }
    },
    "warm_tps_ratio_daser_over_lmcache": 0.17471977923662596
  },
  "daser": {
    "cold_elapsed_s": 27.63804275399889,
    "warm_elapsed_s": 13.578796690009767,
    "correctness": {
      "mismatches": 2,
      "total": 200
    }
  },
  "lmcache": {
    "cold_elapsed_s": 5.721968610014301,
    "warm_elapsed_s": 2.372484359977534,
    "correctness": {
      "mismatches": 2,
      "total": 200
    }
  }
}